id,name,abstract,industries,locations
1,アクセラテック,ハイテクノロジー企業で、情報技術分野に特化したソリューションを提供しています。AI、ブロックチェーン、クラウドコンピューティングなどの先端技術を活用し、顧客のビジネスを革新しています。,"情報技術, 人工知能",シリコンバレー
2,グローバルエナジー,再生可能エネルギー企業で、太陽光発電、風力発電、バイオマスなどの事業を展開しています。地球環境への貢献を目指し、持続可能なエネルギー供給を提供しています。,"エネルギー産業, 環境","北米, ヨーロッパ"
3,クリエイティブネット,デジタルメディアの企画・制作・運営を行う会社です。ウェブサイト、モバイルアプリ、ソーシャルメディアなどのデジタルプラットフォームを活用し、クライアントのブランド価値を最大化します。,"広告, デジタルメディア","東京, ニューヨーク"
4,ダイナモテック,産業機械の開発・製造・販売を手掛ける企業です。高効率で信頼性のある機械を提供し、製造業の生産性向上に貢献しています。,産業機械,"アジア, ヨーロッパ"
5,フューチャーラボ,テクノロジーに特化した研究開発企業で、次世代のイノベーションを追求しています。ロボティクス、バイオテクノロジー、宇宙開発などの領域で先端技術を開発し、未来社会の実現を目指しています。,"研究開発, テクノロジー","サンフランシスコ, 東京"
6,リバーサイドインダストリーズ,大手総合建設会社で、インフラストラクチャーおよび建築プロジェクトの計画・設計・施工を手掛けています。道路、橋梁、ビルなどの建設において高品質なサービスを提供しています。,建設業,"ロサンゼルス, シカゴ"
7,ミラクルバイオ,バイオテクノロジー企業で、医薬品・バイオ製品の研究・開発・製造を行っています。画期的な治療法や健康製品の開発に取り組み、人々の健康と幸福に貢献しています。,"バイオテクノロジー, 医薬品","ボストン, シンガポール"
8,ノヴァテックス,物流・供給チェーンの最適化を支援する企業です。IoT、ビッグデータ分析、人工知能などの技術を活用し、効率的かつ持続可能な物流ソリューションを提供しています。,"物流, テクノロジー","上海, シアトル"
9,ソーラーパワーソリューションズ,太陽光発電事業を展開する会社で、ソーラーパネルの製造・販売・設置を行っています。持続可能なエネルギー利用を推進し、クリーンな電力供給を実現しています。,"エネルギー産業, 再生可能エネルギー","ロサンゼルス, シドニー"
10,クリエイティブ・フードカンパニー,食品メーカーで、革新的な食品製品の開発・販売を行っています。健康・栄養に配慮した商品を提供し、食文化の進化に貢献しています。,"食品製造, 健康食品","パリ, シドニー"
